"bot","username","cnt"
false,"Ronhjones","1553"
false,"Thierry Caro","871"
false,"HastaLaVi2","801"
false,"Danrok","237"
false,"Léna","206"
false,"Druschba 4","110"
false,"Fredddie","77"
false,"Gikü","66"
false,"LisburnThePriest","63"
false,"Mx. Granger","59"
false,"Lanhiaze","59"
false,"DarwIn","57"
false,"Hassocks5489","56"
false,"Tschubby","55"
false,"Arado","51"
false,"Hugo999","47"
false,"Eco84","47"
false,"18.26.0.5","45"
false,"Kaganer","44"
false,"Eurohunter","43"
false,"Simon Villeneuve","43"
false,"Jane023","42"
false,"Mr.Nostalgic","42"
false,"Bovineboy2008","40"
false,"Luftschiffhafen","39"
false,"Petro","39"
false,"Dungodung","36"
false,"Ipr1","36"
false,"Envlh","35"
false,"Clusternote","34"
false,"Marek Koudelka","33"
false,"Jllm06","33"
false,"ClueBot NG","33"
false,"Milda","32"
false,"JMHamo","30"
false,"Sortilegus","30"
false,"CUA 27","29"
false,"Sir Sputnik","29"
false,"操你祖宗十八代","28"
false,"Infovarius","28"
false,"Jip Orlando","28"
false,"Globetrotter19","28"
false,"Number 57","28"
false,"Namiba","27"
false,"Aka","27"
false,"151 cp","26"
false,"A ri gi bod","26"
false,"Florn88","26"
false,"Syrio","26"
false,"Jdx","26"
false,"Frietjes","26"
false,"Winstonza","25"
false,"84.10.92.69","24"
false,"Zaccarias","24"
false,"Ceranthor","23"
false,"Discasto","22"
false,"AnRo0002","22"
false,"GiorgiXIII","22"
false,"THE IT","21"
false,"Hmains","21"
false,"Lmbuga","21"
false,"Marcocapelle","21"
false,"Modern Sciences","20"
false,"Huster","20"
false,"EddieHugh","20"
false,"Rhadamante","19"
false,"Man77","19"
false,"MB-one","19"
false,"Majella1851","18"
false,"Erasmus.1948","18"
false,"Lucyin","18"
false,"No2","18"
false,"Flussar","18"
false,"Jax 0677","18"
false,"GoingBatty","18"
false,"Xaris333","18"
false,"Bidgee","18"
false,"Tiberioclaudio99","18"
false,"Quite A Character","17"
false,"Kanags","17"
false,"LIMO 5","17"
false,"Baboona","17"
false,"WikiDataMovieDB","16"
false,"Gerd Wiechmann","16"
false,"Davidgoodheart","16"
false,"Osteologia","16"
false,"MZMcBride","16"
false,"Pokito a poko","16"
false,"RobertLechner","15"
false,"Delotrooladoo","15"
false,"Ermell","15"
false,"Pitxiquin","15"
false,"Rreagan007","15"
false,"Romanov loyalist","14"
false,"Kuriosatempel","14"
false,"Aavitus","14"
false,"Charles Matthews","14"
false,"Magicpiano","14"
false,"Alzinous","14"
false,"संजीव कुमार","14"
false,"DCDuring","14"
false,"Mgl.branco","13"
false,"Arnaud Palastowicz","13"
false,"Xion","13"
false,"Czymjestlogika","13"
false,"Dimitrij Kasev","13"
false,"DTLHS","13"
false,"Castncoot","13"
false,"Glorious 93","12"
false,"Kingbjelica","12"
false,"SajoR","12"
false,"Falk2","12"
false,"MBq","12"
false,"Lucywood","12"
false,"Tiem Borussia 73","12"
false,"Mighty Wire","12"
false,"JessECarlan","12"
false,"SelfieCity","12"
false,"Achim55","12"
false,"Tom.Reding","12"
false,"MicahDCochran","11"
false,"Turpit","11"
false,"ZZZico","11"
false,"Doyoon1995","11"
false,"Auric","11"
false,"Csurla","11"
false,"Lax","11"
false,"Kvardek du","11"
false,"Lukariass","11"
false,"Wol alem","11"
false,"ErikvanB","11"
false,"Alemann","11"
false,"AnemoneProjectors","11"
false,"TommyBoy","11"
false,"Max von O","10"
false,"Lmaltier","10"
false,"Michihiro Yumoto Soga","10"
false,"Zollernalb","10"
false,"Offeliaa","10"
false,"WSBiography","10"
false,"DivermanAU","10"
false,"Jörg Blobelt","10"
false,"Struway2","10"
false,"Pirags","10"
false,"Adalhard Waffe","10"
false,"Ederporto","10"
false,"Entranced98","10"
false,"OktaRama2010","10"
false,"Anglish4699","10"
false,"GianWiki","10"
false,"TheBellaTwins1445","10"
false,"JYB Devot","10"
false,"Pegasovagante","10"
false,"PediAki","10"
false,"Zouaoui16","10"
false,"DBZFan30","10"
false,"Wolfgang","9"
false,"MILEPRI","9"
false,"MikeZah","9"
false,"Vituzzu","9"
false,"Uwca","9"
false,"Fralonsot","9"
false,"Sturm","9"
false,"Alexhary","9"
false,"92.53.97.178","9"
false,"Dmd3music","9"
false,"Azurfrog","9"
false,"Boberger","9"
false,"Cacrats","9"
false,"ThatVera7","9"
false,"Jan Arkesteijn","9"
false,"Dostojewskij","9"
false,"Sanremofilo","9"
false,"Grzes1966","9"
false,"ContributorQ","9"
false,"Charan Gill","9"
false,"Ammarpad","9"
false,"Soleincitta","9"
false,"Ta65to","9"
false,"Robofish","9"
false,"Succu","9"
false,"Editor D.S","9"
false,"Joanbanjo","9"
false,"Head of darkness","9"
false,"Cangadoba","8"
false,"Sorin5780","8"
false,"Koala15","8"
false,"Gaillac","8"
false,"Marcuscalabresus","8"
false,"Andy king50","8"
false,"Yexstorm2001","8"
false,"NicoScribe","8"
false,"Doktorpixel14","8"
false,"TjBison","8"
false,"Pracchia-78","8"
false,"Isidre blanc","8"
false,"Spinster","8"
false,"46.224.250.54","8"
false,"المصطفى كحلاوي","8"
false,"Zangala","8"
false,"Lewis Hulbert","8"
false,"Accipiter Q. Gentilis","8"
false,"Joao4669","8"
false,"Jcb","8"
false,"Wcquidditch","8"
false,"Iniți","8"
false,"SrpskiAnonimac","8"
false,"Atcovi","7"
false,"SteveStrummer","7"
false,"SanoAK","7"
false,"Amalieranch","7"
false,"TreasureIslandMediaBoss","7"
false,"InGrayscale","7"
false,"Bubba73","7"
false,"Agafoklea","7"
false,"73.177.106.68","7"
false,"Ungoliant MMDCCLXIV","7"
false,"Hannolans","7"
false,"Jurii","7"
false,"89.230.130.3","7"
false,"MarkoDalisay","7"
false,"Clntkee","7"
false,"Razzabarese","7"
false,"LuisAngel01","7"
false,"Terminator92","7"
false,"Seppi333","7"
false,"J.-H. Janßen","7"
false,"Dima st bk","7"
false,"Enpatrais","7"
false,"Donnanz","7"
false,"Krassotkin","7"
false,"Raimundo Pastor","7"
false,"178.108.132.144","7"
false,"Krg1s","7"
false,"Netelo","7"
false,"Paine Ellsworth","7"
false,"Huguespotter","6"
false,"Мико","6"
false,"LynxTufts","6"
false,"Kerry Raymond","6"
false,"2001:978:3400:0:104:200:0:13BB","6"
false,"Missvain","6"
false,"Audtls910","6"
false,"Pozzi.c","6"
false,"137.53.241.2","6"
false,"海物語","6"
false,"Hello513","6"
false,"Certes","6"
false,"Thibaut120094","6"
false,"Peter coxhead","6"
false,"Toasted Meter","6"
false,"VictorBrice","6"
false,"Jepse","6"
false,"Vinão Almeida","6"
false,"Anythingyouwant","6"
false,"197.48.185.128","6"
false,"Kani","6"
false,"Oo91","6"
false,"Equinox","6"
false,"RFD","6"
false,"62.28.64.102","6"
false,"Kurmis","6"
false,"Utente1989","6"
false,"Jarfe","6"
false,"Dim Grits","6"
false,"WAH","6"
false,"Enrevseluj","6"
false,"Rburton66","6"
false,"SchreiberBike","6"
false,"Jordan.d.o","6"
false,"E-Soter","6"
false,"GlitterantDagger","6"
false,"SuicideSociety","6"
false,"Robby","6"
false,"86.190.35.40","6"
false,"Sfs90","6"
false,"Diannaa","6"
false,"WhiteHartLane","6"
false,"PatLover","5"
false,"Visite fortuitement prolongée","5"
false,"186.104.174.237","5"
false,"Tappinen","5"
false,"ChandraHelsinky","5"
false,"Murgatroyd49","5"
false,"Dyveldi","5"
false,"Shadowxfox","5"
false,"Felipe da Fonseca","5"
false,"Martin Prunières","5"
false,"Érico","5"
false,"Krzysztof Łodzikowski","5"
false,"Gabriel2403","5"
false,"Beauty School Dropout","5"
false,"Mewtow","5"
false,"Шкурба Андрій Вікторович","5"
false,"Pob3qu3","5"
false,"Bötsy","5"
false,"Plucas58","5"
false,"옥타비아누스","5"
false,"Raymond","5"
false,"Tyseria","5"
false,"L bour","5"
false,"Koulmab","5"
false,"Metalla515","5"
false,"Kobrabones","5"
false,"Jorge de Carvalho","5"
false,"Starklinson","5"
false,"Piet.Wijker","5"
false,"98.176.212.3","5"
false,"FunnySquirrel12","5"
false,"Dr.Lantis","5"
false,"Wahrerwattwurm","5"
false,"SteinundBaum","5"
false,"UncleTupelo1","5"
false,"Green Giant","5"
false,"Renaud","5"
false,"Uncle Milty","5"
false,"Robbo128","5"
false,"Nomen ad hoc","5"
false,"AntiCompositeNumber","5"
false,"94.128.55.11","5"
false,"Zboris","5"
false,"Mattythewhite","5"
false,"GAndy","5"
false,"Trafalk09","5"
false,"Berdea","5"
false,"Quickfingers","5"
false,"JMPhillips92","5"
false,"Kiwima","4"
false,"Didibrn","4"
false,"Rhinen","4"
false,"Tom68000","4"
false,"Helixitta","4"
false,"133.236.99.182","4"
false,"Melaen","4"
false,"Kostas20142","4"
false,"Wakari07","4"
false,"Tdslk","4"
false,"TF92","4"
false,"Jordyvandebunt","4"
false,"Zugriff","4"
false,"Zekrom1357","4"
false,"Wkg321","4"
false,"114.142.172.22","4"
false,"2601:150:4080:5980:B954:3ABD:D4A0:675B","4"
false,"2601:18C:8600:CFD3:41EC:1D7D:26B0:C521","4"
false,"Sbalfour","4"
false,"Ented","4"
false,"Ldorfman","4"
false,"Geagea","4"
false,"Denvis1","4"
false,"Skulljujos","4"
false,"Hatake","4"
false,"Bsx","4"
false,"Schniggendiller","4"
false,"Kacir","4"
false,"Loracco","4"
false,"Piku","4"
false,"Ngrewal1","4"
false,"Changnick","4"
false,"Monow","4"
false,"DerDFB","4"
false,"Roberto Fiadone","4"
false,"Chessmatt309","4"
false,"Alfshire","4"
false,"Gaioa","4"
false,"Anr","4"
false,"Wdwd","4"
false,"Valdaec","4"
false,"Oakland Cumbiero","4"
false,"CFCF","4"
false,"Pcastellina","4"
false,"CommonsDelinker","4"
false,"Peter Gröbner","4"
false,"TrevelyanLittle","4"
false,"Ashleighhhh","4"
false,"فيصل","4"
false,"Yakiv Gluck","4"
false,"William Jexpire","4"
false,"Svlioras","4"
false,"Dmitry Rozhkov","4"
false,"Artix Kreiger","4"
false,"190.9.208.236","4"
false,"2603:300A:1F06:E200:B051:F0A9:D3B7:CC08","4"
false,"Walden69","4"
false,"Martin wolf","4"
false,"JLogan","4"
false,"Yesikag","4"
false,"Pcm","4"
false,"Fences and windows","4"
false,"Malabon","4"
false,"98.115.105.188","4"
false,"Tanjawaldek","4"
false,"82.132.221.106","4"
false,"GerritR","4"
false,"2600:1700:2320:3A50:69BA:5A3:283A:2301","4"
false,"Venlur","4"
false,"Stef65","4"
false,"Mistakenformatt","4"
false,"Joostik","4"
false,"OISV","4"
false,"Aldine Esperluette","4"
false,"1971markus","4"
false,"メルビル","4"
false,"Tector","4"
false,"71.79.10.251","4"
false,"Antondimak","4"
false,"2600:8802:1007:6400:CC4C:D548:9478:624D","4"
false,"Afus199620","4"
false,"Yapyu0220","4"
false,"Legalskeptic","4"
false,"Jbribeiro1","4"
false,"Anthony Appleyard","4"
false,"Larske","4"
false,"24.232.254.154","4"
false,"Gg. Any","4"
false,"IAlex2004","4"
false,"ArisMethymna","4"
false,"FloridaArmy","4"
false,"Shaded0","4"
false,"Demkoff","4"
false,"Power~enwiki","4"
false,"2800:2121:3000:5FE:1D6E:74B8:CF7B:1460","4"
false,"Varina","4"
false,"187.54.67.235","4"
false,"Rockhead126","3"
false,"GualdimG","3"
false,"David.r.1929","3"
false,"37.6.158.165","3"
false,"Peter-K","3"
false,"Bellerophon5685","3"
false,"ساکاتا گینتۆکی","3"
false,"Lacika455","3"
false,"Summstjr","3"
false,"173.94.201.3","3"
false,"Catfurball","3"
false,"Aoba47","3"
false,"2003:C7:3BEA:1D01:474:B393:D908:1B5D","3"
false,"2001:8A0:C232:3001:B495:E231:9DCE:6C58","3"
false,"Auntof6","3"
false,"CB2288","3"
false,"95.238.9.214","3"
false,"Buster7","3"
false,"Slånbär","3"
false,"Alvin Seville","3"
false,"Susann Schweden","3"
false,"2001:1388:18C3:ED09:254E:A8E8:F00E:F1B2","3"
false,"Seader","3"
false,"105.164.201.224","3"
false,"SSastry (WMF)","3"
false,"Rusted AutoParts","3"
false,"Dakeyluca","3"
false,"2602:47:23B1:6600:49D6:1F19:4F19:48AD","3"
false,"Jüppken","3"
false,"Hektor Absurdus","3"
false,"Borodun","3"
false,"Gentenaar~nlwiki","3"
false,"Exj","3"
false,"EiderGoDown","3"
false,"A.Nawfel","3"
false,"Zevener in Ostwestfalen","3"
false,"2600:1008:B025:1E39:9A0:2F23:AA58:9567","3"
false,"דן וינקלר","3"
false,"212.112.149.90","3"
false,"Lance de Castilla","3"
false,"Nonenmac","3"
false,"Umfront","3"
false,"蘭斯特","3"
false,"Russian Rocky","3"
false,"Azulino","3"
false,"128.140.193.238","3"
false,"Eurodyne","3"
false,"Windino","3"
false,"Magic54321","3"
false,"7&6=thirteen","3"
false,"Dhtwiki","3"
false,"95.88.23.101","3"
false,"Graphikus","3"
false,"69.172.179.58","3"
false,"AntoniBM","3"
false,"90.178.29.101","3"
false,"Walter Görlitz","3"
false,"Terreretè","3"
false,"Netoweto","3"
false,"JukoFF","3"
false,"DadaNeem","3"
false,"98.197.198.46","3"
false,"87.118.138.231","3"
false,"Pantos0711","3"
false,"Lin4671","3"
false,"Kalki","3"
false,"Ulflarsen","3"
false,"Rzuwig","3"
false,"172.3.212.69","3"
false,"Tradedia","3"
false,"Harun akbulut","3"
false,"Rozmador","3"
false,"Sarita98","3"
false,"DisillusionedBitterAndKnackered","3"
false,"Jcwf","3"
false,"Bogdanov-62","3"
false,"DPdH","3"
false,"Soetermans","3"
false,"SuperVirtual","3"
false,"Floro Flores","3"
false,"0000ff","3"
false,"Abecido","3"
false,"David Eppstein","3"
false,"XenonX3","3"
false,"Joseasensio83","3"
false,"Red123","3"
false,"Brill58","3"
false,"JoeyPknowsalotaboutthat","3"
false,"Nicowa","3"
false,"Jorge Ruifer","3"
false,"99.25.123.67","3"
false,"SchwanzGarage3000","3"
false,"AnomieBOT","3"
false,"Ssaomm","3"
false,"Peter James","3"
false,"Brett","3"
false,"Irn","3"
false,"Vcesnak","3"
false,"Michael Devore","3"
false,"Kasir","3"
false,"Dr-Victor-von-Doom","3"
false,"3Jo7","3"
false,"Xxanthippe","3"
false,"Seryo93","3"
false,"128.73.237.140","3"
false,"8Dodo8","3"
false,"Another Believer","3"
false,"Zazaattila55","3"
false,"83.37.70.145","3"
false,"Conde Edmond Dantès","3"
false,"John Carter","3"
false,"Gusama Romero","3"
false,"CianiT55","3"
false,"Povilasz","3"
false,"Mudwater","3"
false,"Camelia.boban","3"
false,"Salgo60","3"
false,"188.218.87.117","3"
false,"Mattes","3"
false,"Murraydaw","3"
false,"Bo hessin","3"
false,"MrBenC88","3"
false,"MB","3"
false,"Deflov","3"
false,"Curlymanjaro","3"
false,"174.59.44.27","3"
false,"Karl Gruber","3"
false,"173.54.171.106","3"
false,"Laseptiemeobsession","3"
false,"Cameronhurd","3"
false,"Alpha 09","3"
false,"Prajaman","3"
false,"کوروش تهرانی","3"
false,"Humboldt","3"
false,"Efloean","3"
false,"Bounè rodzo","3"
false,"Per utramque cavernam","3"
false,"69.161.87.240","3"
false,"Jekiwc","3"
false,"Daniel Marinho da Costa","3"
false,"Secondarywaltz","3"
false,"93.73.82.238","3"
false,"GWFrog","3"
false,"Gepetito","3"
false,"Ewan2","3"
false,"Andrushinas1985","3"
false,"KDDLB","3"
false,"Johnny T","3"
false,"46.25.209.118","3"
false,"2605:E000:7C9D:7B00:E01E:6072:DDFF:BBD7","3"
false,"Adamt","3"
false,"Michael Romanov","3"
false,"Nathanmileslund","3"
false,"SQLBot","3"
false,"2A02:1811:41E:DB00:BC7A:D2B3:9877:688D","3"
false,"DerTorx","3"
false,"Ernestobanpiroa","2"
false,"A6do0","2"
false,"Slawkomuzykant1980","2"
false,"Bradv","2"
false,"曾禰越後守","2"
false,"Lector d Wiki","2"
false,"JasonAHewson","2"
false,"Cookienr272","2"
false,"98.172.118.91","2"
false,"Agentfabi","2"
false,"2003:71:4E16:4B54:9C25:1173:43A8:7AE4","2"
false,"104.52.129.34","2"
false,"AHZ","2"
false,"BagInACampfire","2"
false,"Oravrattas","2"
false,"Krdbot","2"
false,"PatruBOT","2"
false,"Alejoortizarias","2"
false,"Theo Oppewal","2"
false,"Hypergio","2"
false,"JaviMad","2"
false,"5.148.222.19","2"
false,"86.20.228.130","2"
false,"Joe Vitale 5","2"
false,"CRussG","2"
false,"178.165.104.80","2"
false,"2A02:1811:BD80:D400:4D7C:B0E7:4B81:259F","2"
false,"Kingofcruiserweight","2"
false,"CelestialKeystone","2"
false,"PM3","2"
false,"Damian Yerrick","2"
false,"WereSpielChequers","2"
false,"Serhio Magpie","2"
false,"Phzh","2"
false,"HerrAdams","2"
false,"Udha","2"
false,"Karimkennedy","2"
false,"Hans Topo1993","2"
false,"Huldra","2"
false,"Keat","2"
false,"Ulisse","2"
false,"2600:1700:ACC0:B6B0:CC7A:DDF1:9DD8:D56F","2"
false,"Add92","2"
false,"79.106.209.250","2"
false,"Ghirlandajo","2"
false,"Axel musica","2"
false,"Sanghino","2"
false,"Neojacob","2"
false,"91.248.185.54","2"
false,"DumSS","2"
false,"Wikimostafa","2"
false,"Jezzminie","2"
false,"Mariacricket","2"
false,"Ragomego","2"
false,"109.73.220.147","2"
false,"Erutuon","2"
false,"Harry8","2"
false,"MackyBeth","2"
false,"Itsnik14","2"
false,"2800:200:E800:3F21:19E9:472A:7F36:2992","2"
false,"Bluemel1","2"
false,"Bcp67","2"
false,"Mojackjutaily","2"
false,"185.59.246.102","2"
false,"Voltmetro","2"
false,"179.55.93.175","2"
false,"Robert Ferrieux","2"
false,"86.154.144.111","2"
false,"Jmv","2"
false,"Karol232","2"
false,"Mrceleb2007","2"
false,"Воевода","2"
false,"83.8.6.31","2"
false,"Mgalicic","2"
false,"X1\","2"
false,"41.251.83.106","2"
false,"Mitzi.humphrey","2"
false,"Gian Felicino 6","2"
false,"Btphelps","2"
false,"Cynthia5473","2"
false,"Alkhalde2022","2"
false,"Divertículo lloroso","2"
false,"Candomas","2"
false,"Chereck","2"
false,"Cristdan223","2"
false,"BrownHairedGirl","2"
false,"L'amateur d'aéroplanes","2"
false,"はとむね","2"
false,"2600:8806:1300:4E0:B510:BF9E:7CEE:8CE8","2"
false,"SEM","2"
false,"Pietaster","2"
false,"2.33.103.159","2"
false,"124.148.69.89","2"
false,"Secsspistols","2"
false,"Tarawa1943","2"
false,"United Union","2"
false,"SpesBona","2"
false,"King Prithviraj II","2"
false,"121.121.117.141","2"
false,"Ldhank","2"
false,"2A02:1810:C426:6C00:29EB:A498:460E:689C","2"
false,"Raafat","2"
false,"Dmoore5556","2"
false,"Locker233","2"
false,"Shelbystripes","2"
false,"Liam Cihangir Junior","2"
false,"Olevy","2"
false,"Arroser","2"
false,"Deathawk","2"
false,"123.133.104.225","2"
false,"Nawider","2"
false,"Fredmans Episteln","2"
false,"TSRL","2"
false,"Mateo K 01","2"
false,"BenoitBertheSiward","2"
false,"HRvO","2"
false,"Lydio","2"
false,"36.230.79.22","2"
false,"Mozarteus","2"
false,"185.89.218.243","2"
false,"181.192.201.40","2"
false,"Funandtrvl","2"
false,"2602:306:8331:96B0:A163:2322:91C8:38D3","2"
false,"Lololololol54321","2"
false,"2600:1700:F930:7040:E1D7:D1BE:A5D2:E1D7","2"
false,"DiplomatTesterMan","2"
false,"Mediocre Legacy","2"
false,"Jacques Ballieu","2"
false,"213.24.133.209","2"
false,"81.65.174.190","2"
false,"Abbastraea","2"
false,"Disko132","2"
false,"Catrin","2"
false,"5.169.7.55","2"
false,"41.102.25.92","2"
false,"Дми88","2"
false,"Hannumatti","2"
false,"Leafman800","2"
false,"JRagusa","2"
false,"HoustonAstrosFan97","2"
false,"АРГО-67","2"
false,"2.51.22.88","2"
false,"Renamerr","2"
false,"KidMotion","2"
false,"Ahwiv","2"
false,"Der.metzger2009","2"
false,"Владислав Пихович","2"
false,"80.216.44.108","2"
false,"Gokimines","2"
false,"Jcornelius","2"
false,"95.148.14.209","2"
false,"Zeisterre","2"
false,"104.220.165.132","2"
false,"Fsmatovu","2"
false,"Braniewiak","2"
false,"SGT1998","2"
false,"FDo64","2"
false,"2605:E000:151E:C0EB:0:E921:46FA:32B7","2"
false,"Reptilien.19831209BE1","2"
false,"Afavoritaweb","2"
false,"Pelpar","2"
false,"Nycdi","2"
false,"John5962","2"
false,"2602:304:CDDA:76A0:159E:36AE:EB3A:FDB6","2"
false,"Gbpa005","2"
false,"190.236.206.151","2"
false,"YANIVST1","2"
false,"Sitenl","2"
false,"Riggwelter","2"
false,"Sheila1988","2"
false,"Martien19","2"
false,"Lredoglia","2"
false,"Томасина","2"
false,"130.43.221.253","2"
false,"محمد القنة","2"
false,"Tvtonightokc","2"
false,"Wolan","2"
false,"Shanelly 15","2"
false,"Frodar","2"
false,"Majdabuamer","2"
false,"Akocsg","2"
false,"Charles01","2"
false,"Yuanga","2"
false,"Alan ffm","2"
false,"Svejk74","2"
false,"90.58.152.247","2"
false,"109.197.85.237","2"
false,"Sudzuki Erina","2"
false,"GoodDay","2"
false,"AndreiK","2"
false,"Szoltys","2"
false,"109.65.3.24","2"
false,"Yahya Talatin","2"
false,"Wuselig","2"
false,"Bramfab","2"
false,"PhilosMYK1978","2"
false,"Sportsmen tmn","2"
false,"AnBuKu","2"
false,"Bamyers99","2"
false,"DENAMAX","2"
false,"Yobdjdnfncjfnfncjf","2"
false,"218.191.98.224","2"
false,"Andres Monge","2"
false,"Тарас Самборський","2"
false,"Saginet55","2"
false,"Myasuda","2"
false,"Pelotas","2"
false,"82.128.245.244","2"
false,"Sargoth","2"
false,"Mathildeglin","2"
false,"Bankster","2"
false,"OTAVIO1981","2"
false,"191.125.185.138","2"
false,"Kak69032","2"
false,"J. Patrick Fischer","2"
false,"Рейму Хакурей","2"
false,"Sarnold17","2"
false,"170.173.0.16","2"
false,"Dema1234","2"
false,"Jasper Deng","2"
false,"81.131.117.224","2"
false,"Yashmathur45","2"
false,"Fauvirt","2"
false,"Melv20","2"
false,"2001:8003:3593:B100:6501:B34C:A7C7:F676","2"
false,"Mervat Salman","2"
false,"Markaneko","2"
false,"Gman83","2"
false,"Stuttenkerl","2"
false,"86.68.66.184","2"
false,"B63cdf194d0bb00ae19d1bc56e7736eba2dca8","2"
false,"Loraof","2"
false,"Buffaboy","2"
false,"Kobedove","2"
false,"5.226.75.2","2"
false,"Deux Cent Seize","2"
false,"Rmcharb","2"
false,"Py4nf","2"
false,"Gregoriomagno","2"
false,"Gaknowitall","2"
false,"72.223.2.49","2"
false,"XanaG","2"
false,"TwoWings","2"
false,"Fallaner","2"
false,"2600:1:F218:493E:94BE:9792:5781:E147","2"
false,"72.239.6.168","2"
false,"2601:405:8501:A99E:ECD5:BD7D:88DD:7C65","2"
false,"Samantha (Wiki Ed)","2"
false,"240F:7B:B618:1:807F:B0C8:3596:2B86","2"
false,"Farawahar","2"
false,"Dzombijaner","2"
false,"Acad Ronin","2"
false,"FERREIRA","2"
false,"Andropov","2"
false,"Silltruten","2"
false,"Nightflyer","2"
false,"Disneyisatale","2"
false,"White Arabian Filly","2"
false,"Jivee Blau","2"
false,"Rjensen","2"
false,"SlimVirgin","2"
false,"MartinGoins","2"
false,"Medeis","2"
false,"Nicat49","2"
false,"Riwnodennyk","2"
false,"Abce2","2"
false,"Kevin Dewitt","2"
false,"Lesless","2"
false,"BlewsClews","2"
false,"Fuseau","2"
false,"Hector H","2"
false,"154.121.8.17","2"
false,"Bdijkstra","2"
false,"JacobTa20","2"
false,"79.27.2.129","2"
false,"Someanon","2"
false,"213.192.80.182","2"
false,"Chronus","2"
false,"187.145.140.160","2"
false,"2.38.64.37","1"
false,"Kamil.ryy","1"
false,"Ms Sarah Welch","1"
false,"Vulson","1"
false,"Bff","1"
false,"Geolina163","1"
false,"2600:8805:B480:4D50:109B:29CB:833E:2900","1"
false,"GoCloud","1"
false,"George Ho","1"
false,"Kansas Bear","1"
false,"Progorgonops12","1"
false,"Bergmannac","1"
false,"185.55.65.122","1"
false,"BDavisS","1"
false,"NuclearWizard","1"
false,"Георгий Долгопский","1"
false,"Punkt64","1"
false,"WeeKee","1"
false,"Digamma","1"
false,"2405:205:64A1:3A00:0:0:D2B:28AC","1"
false,"Sohan9","1"
false,"Vanneau Asocial","1"
false,"Taron Saharyan","1"
false,"Dlthewave","1"
false,"JimRenge","1"
false,"Hancaoto","1"
false,"Oxfordian Kissuth","1"
false,"Duysinging2002","1"
false,"93.34.239.175","1"
false,"178.11.228.233","1"
false,"MisterSynergy","1"
false,"Pigsonthewing","1"
false,"Punk35showoff","1"
false,"Signedzzz","1"
false,"Dyala0504","1"
false,"B.Thomas95","1"
false,"89.133.52.188","1"
false,"83.252.176.138","1"
false,"CptKeyes","1"
false,"86.161.190.12","1"
false,"Maxí","1"
false,"Rabanus Flavus","1"
false,"Bus stop","1"
false,"ミラー・ハイト","1"
false,"Gjrfytn","1"
false,"WhiteKelly","1"
false,"62.148.157.80","1"
false,"Toreking","1"
false,"Blahma","1"
false,"Unreal7","1"
false,"Unica Pohlig","1"
false,"Myrtlegroggins","1"
false,"Pmiszcz","1"
false,"Anarabert","1"
false,"Danfarid133","1"
false,"Eustahio","1"
false,"Stormy clouds","1"
false,"Chaps the idol","1"
false,"Zinneke","1"
false,"37.133.44.106","1"
false,"Enthusiast01","1"
false,"Phi","1"
false,"OwenBlacker","1"
false,"MiPe","1"
false,"BlackDraGoN","1"
false,"216.40.79.241","1"
false,"Plutonium27","1"
false,"Verkhana","1"
false,"ConstantinHeuser","1"
false,"Babək Akifoğlu","1"
false,"77.254.47.156","1"
false,"HKast","1"
false,"Emanuele90pisa","1"
false,"Will74205","1"
false,"DIEGOMESSI10","1"
false,"81.40.121.7","1"
false,"Tsao97","1"
false,"ZeppoShemp","1"
false,"Sasuke88","1"
false,"82.132.221.218","1"
false,"Turaids","1"
false,"176.84.211.164","1"
false,"Armaan Mir","1"
false,"Grey ghost","1"
false,"Sehrg","1"
false,"Roylai133","1"
false,"OtávioSP","1"
false,"186.101.138.208","1"
false,"Antonellarea 878","1"
false,"Oursana","1"
false,"ListeriaBot","1"
false,"Iadys1toylovelove","1"
false,"189.142.134.97","1"
false,"187.160.11.199","1"
false,"Dwanyewest","1"
false,"Calum Tomeny","1"
false,"O-ring","1"
false,"MPS1992","1"
false,"2600:6C52:6200:35A1:44E4:C37A:617B:ABEA","1"
false,"240F:7A:7513:1:14B1:EE3D:63D2:E1AC","1"
false,"Wikiwerner","1"
false,"Perplex13","1"
false,"Jeantapir","1"
false,"81.99.197.166","1"
false,"46.198.105.229","1"
false,"Seeker of truth 2015","1"
false,"81.158.105.20","1"
false,"123.51.49.11","1"
false,"Miguelferig","1"
false,"Cocojean29","1"
false,"Md.altaf.rahman","1"
false,"Samantha Ireland","1"
false,"77.136.42.209","1"
false,"84.198.28.9","1"
false,"JacobMW","1"
false,"Pennanochsvärdet","1"
false,"Mewtwowimmer","1"
false,"Bazi","1"
false,"Socialcit","1"
false,"Maleine258","1"
false,"Eesrakarabulut","1"
false,"AnticoMu90","1"
false,"Convivae","1"
false,"GayIsNotOkay","1"
false,"Tatewaki","1"
false,"Clemens Schmillen","1"
false,"Speedymvchiavelli","1"
false,"Berserker276","1"
false,"KetsubanWikipedista","1"
false,"Mardus","1"
false,"Jonte--","1"
false,"Zdzislaw","1"
false,"칼빈500","1"
false,"Rm8373937","1"
false,"190.149.45.201","1"
false,"Triptothecottage","1"
false,"176.127.107.40","1"
false,"Axel.Mauruszat","1"
false,"134.95.39.49","1"
false,"MochLuthfansyah03","1"
false,"Offenbacherjung","1"
false,"WikiOriginal-9","1"
false,"Sophivorus","1"
false,"Ain'tThatSomeShit","1"
false,"187.26.166.118","1"
false,"Sarah Layton","1"
false,"Asdert","1"
false,"Jcfidy","1"
false,"Antemister","1"
false,"161.149.63.239","1"
false,"Well-Informed Optimist","1"
false,"XXLVenom999","1"
false,"Ulv80","1"
false,"196.112.225.228","1"
false,"190.199.249.206","1"
false,"Youx.Lecomte","1"
false,"DKMell","1"
false,"Definitiv","1"
false,"186.29.182.57","1"
false,"Annapearll","1"
false,"Massimo Telò","1"
false,"Horst Bachhuber","1"
false,"Rebekkachhom","1"
false,"BlindNight","1"
false,"Thuvack","1"
false,"Antonio1952","1"
false,"188.218.169.116","1"
false,"Nurg","1"
false,"Jim.henderson","1"
false,"2A02:1203:ECB9:FDE0:543F:F59A:D305:7F1D","1"
false,"105.112.10.126","1"
false,"Gökhankaymakci","1"
false,"2601:42:900:2B00:5C8E:AF97:BC89:F0A3","1"
false,"Cocolacoste","1"
false,"178.24.20.86","1"
false,"90.126.60.60","1"
false,"Bran005","1"
false,"JonnyJonny","1"
false,"Paweł Ziemian","1"
false,"Michi81","1"
false,"2605:E000:7DD5:2100:4D5F:B74A:2567:BA61","1"
false,"Роман Сизий","1"
false,"SAİT71","1"
false,"Beatrice","1"
false,"MyNameIsASDF","1"
false,"BuschBohne","1"
false,"93.146.82.184","1"
false,"Bkonrad","1"
false,"KäptnZwack","1"
false,"83.220.237.119","1"
false,"Hunu","1"
false,"ATS B INFORMATIQUE - TECHNOLOGIE","1"
false,"Чръный человек","1"
false,"86.40.6.223","1"
false,"83.237.62.65","1"
false,"Anagram16","1"
false,"6PO","1"
false,"WEWEE","1"
false,"Manxuc","1"
false,"Ohchizgixohcpj","1"
false,"79.177.110.136","1"
false,"2A02:1205:34ED:7540:21F8:E917:AC57:C8EA","1"
false,"Florian.Reitz","1"
false,"JayFayza","1"
false,"DragonRainbow","1"
false,"Vergerus","1"
false,"Roberto g192","1"
false,"Brianboulton","1"
false,"Annika64","1"
false,"Magnetomage","1"
false,"Jules78120","1"
false,"87.21.5.208","1"
false,"NuclearMissile","1"
false,"Saroj Pramanik","1"
false,"MireiIchimura","1"
false,"69.6.167.58","1"
false,"Zieglhar","1"
false,"Dm","1"
false,"2607:FEA8:20E0:1BF:50AD:6DAF:F8A1:8A53","1"
false,"Pelmeen10","1"
false,"Green WU","1"
false,"2003:4C:6925:1B00:99BD:85DC:A01C:2DA6","1"
false,"2003:D9:13CB:800:7CCB:9B2C:EA3F:57F1","1"
false,"188.163.9.16","1"
false,"Samat","1"
false,"Krõõbu","1"
false,"Cartoon network freak","1"
false,"AMCXXL","1"
false,"2001:A61:180A:5901:16DA:E9FF:FE2E:A375","1"
false,"Frédéric-FR","1"
false,"Oranjelo100","1"
false,"109.234.47.246","1"
false,"Zigzig20s","1"
false,"Ariobarzan","1"
false,"208.96.71.244","1"
false,"90.3.240.41","1"
false,"74.50.213.97","1"
false,"Mirek46","1"
false,"Midnightblueowl","1"
false,"ChrisKistler","1"
false,"80.143.215.74","1"
false,"84.208.210.239","1"
false,"Josekale","1"
false,"Ceyockey","1"
false,"Teblick","1"
false,"TARDIS Builder","1"
false,"194.96.31.98","1"
false,"Sidonie61","1"
false,"The Bushranger","1"
false,"Mpj7","1"
false,"Paul Brussel","1"
false,"79.42.229.18","1"
false,"Tractopelle-jaune","1"
false,"109.172.15.7","1"
false,"Carlos yo","1"
false,"69.47.62.150","1"
false,"153.171.178.31","1"
false,"Vardik9","1"
false,"193.80.72.190","1"
false,"189.32.62.250","1"
false,"Diligent","1"
false,"Fjramosr98","1"
false,"2A02:8070:8982:6600:3041:AD1C:BA97:891A","1"
false,"Tosera","1"
false,"88.174.247.27","1"
false,"91.246.95.7","1"
false,"Assayas","1"
false,"5.90.158.80","1"
false,"80.236.72.225","1"
false,"Frökennostalgi","1"
false,"October Ends","1"
false,"RJGray","1"
false,"Altamel","1"
false,"Takvaal","1"
false,"Spedona","1"
false,"PereslavlFoto","1"
false,"Żyrafał","1"
false,"Yodigo","1"
false,"Jeblad","1"
false,"2600:100C:B205:5D83:70BA:6371:84CB:8391","1"
false,"Camboxer","1"
false,"Simon","1"
false,"Manuelarosi","1"
false,"217.225.134.153","1"
false,"Franckecito","1"
false,"5.62.132.134","1"
false,"BrThomas","1"
false,"Coladar","1"
false,"31.182.168.70","1"
false,"Toïlev","1"
false,"185.89.218.244","1"
false,"51.39.103.203","1"
false,"Rosiestep","1"
false,"196.120.55.48","1"
false,"46.135.2.146","1"
false,"90.127.125.6","1"
false,"2602:306:CEB8:7CE0:659D:4924:6EFB:64A0","1"
false,"174.0.7.123","1"
false,"Fdssdf","1"
false,"Tinz","1"
false,"Wostr","1"
false,"Acebot","1"
false,"Rugby.change","1"
false,"Thimmingit","1"
false,"141.226.162.168","1"
false,"Hgorlero","1"
false,"Garuda28","1"
false,"Person or Persons Unknown","1"
false,"The Banner","1"
false,"Woches","1"
false,"BatteryIncluded","1"
false,"NewYorkActuary","1"
false,"JWBE","1"
false,"Wang Chong","1"
false,"Carmaker1","1"
false,"188.29.164.56","1"
false,"Freddy eduardo","1"
false,"Jillypie88","1"
false,"Davidng913","1"
false,"1292simon","1"
false,"Nilko753","1"
false,"83.220.238.14","1"
false,"Azariel","1"
false,"TJRC","1"
false,"Quarz","1"
false,"Nicola","1"
false,"UKBot","1"
false,"2604:2D80:C81E:8E6B:190C:5CFD:61AF:1931","1"
false,"Uriel1022","1"
false,"IBBBuz","1"
false,"Dwight666","1"
false,"178.38.71.114","1"
false,"اسماعیل،، 64","1"
false,"2.35.7.61","1"
false,"Dahn","1"
false,"Mustakin mollah","1"
false,"87.9.221.163","1"
false,"Ground Zero","1"
false,"47.53.172.129","1"
false,"Tk420","1"
false,"Самарџија","1"
false,"187.78.164.63","1"
false,"Fruflea","1"
false,"46.10.138.37","1"
false,"Negre2","1"
false,"Toghebon","1"
false,"HERCVLES","1"
false,"24.118.117.98","1"
false,"93.151.230.140","1"
false,"Fawiki","1"
false,"178.197.224.152","1"
false,"62.19.87.126","1"
false,"Mehman97","1"
false,"Shamash","1"
false,"Taras1976","1"
false,"SamWinchester000","1"
false,"Franz Halac","1"
false,"Bahnthaler","1"
false,"Weleesa","1"
false,"Hungarikusz Firkász","1"
false,"JanetBest","1"
false,"89.180.6.169","1"
false,"P Aculeius","1"
false,"Sitacuisses","1"
false,"Neomoses","1"
false,"Andrew J.Kurbiko","1"
false,"Tsui","1"
false,"Wikielwikingo","1"
false,"Domme07","1"
false,"Kaybug 07","1"
false,"Birgerbar","1"
false,"2601:601:100:3184:45C1:41B1:AAC5:7620","1"
false,"188.133.127.81","1"
false,"70.187.10.196","1"
false,"Brahim-essaidi","1"
false,"Tom-1674","1"
false,"TheBeastdot","1"
false,"Britinvasion64","1"
false,"Baldurar","1"
false,"Ladsgroup","1"
false,"Grimpz","1"
false,"Peter17","1"
false,"Carptrash","1"
false,"Pratty","1"
false,"Davidcavieres","1"
false,"TheOnlyOne12","1"
false,"Malta.nyhaza","1"
false,"82.132.214.76","1"
false,"Revibot II","1"
false,"佐野宗平","1"
false,"Lone Internaut","1"
false,"Eme Alfonso","1"
false,"DavidWBrooks","1"
false,"رامي مناف","1"
false,"Aftabuzzaman","1"
false,"Bookvaedina","1"
false,"Arturo63","1"
false,"H.I.Nuhn","1"
false,"188.162.64.23","1"
false,"178.220.177.169","1"
false,"Nickel nitride","1"
false,"De Wikischim","1"
false,"MuzikMachine","1"
false,"Mz7","1"
false,"The photonaut","1"
false,"Lugimax","1"
false,"Roksi1","1"
false,"Youngmom12","1"
false,"SitizenX","1"
false,"CommiePinko","1"
false,"AddictedToDrawing","1"
false,"Raymac","1"
false,"109.80.75.142","1"
false,"2600:387:1:809:0:0:0:89","1"
false,"Jmorrison230582","1"
false,"Anne Bauval","1"
false,"Archive wolf","1"
false,"211.36.137.90","1"
false,"2.191.63.25","1"
false,"Reza4608","1"
false,"Gilles Mairet","1"
false,"Aquintero82","1"
false,"Johnuniq","1"
false,"Emmridet","1"
false,"Nabataeus","1"
false,"Ichigozasuke","1"
false,"86.162.58.187","1"
false,"Bri","1"
false,"2602:304:28AB:9EE0:B404:E174:35E:75AD","1"
false,"Erudite Manatee","1"
false,"Kiro Vermaas","1"
false,"46.164.80.162","1"
false,"Netpilots","1"
false,"Leytor","1"
false,"Mjs32193","1"
false,"Ymnes","1"
false,"36.238.206.243","1"
false,"Jamiri","1"
false,"Hermod","1"
false,"Penny Richards","1"
false,"Soued031","1"
false,"BlackPanther2013","1"
false,"TalianaVargas123","1"
false,"2A00:1028:919B:8E26:B5FB:614A:1A18:F5E9","1"
false,"Seesternschnuppe","1"
false,"111.93.6.186","1"
false,"2601:205:C100:627F:17F:9DB1:7A6B:DD76","1"
false,"Justinzimmer3434","1"
false,"Continentaleurope","1"
false,"Loper12321","1"
false,"Mats mats","1"
false,"Leysan82","1"
false,"Baileybobfam","1"
false,"90.63.113.110","1"
false,"HsBerlin01","1"
false,"82.61.203.110","1"
false,"98Maria19","1"
false,"Anjo-sozinho","1"
false,"142.161.81.20","1"
false,"XMTX","1"
false,"Jbc2099","1"
false,"KoriAna 1","1"
false,"Trijnstel","1"
false,"Pierre BALIGAND","1"
false,"Jk4u59","1"
false,"89.180.183.239","1"
false,"Bilal.fidele","1"
false,"Polkovnik blazer","1"
false,"Jith12","1"
false,"82.128.159.123","1"
false,"YBot","1"
false,"2601:204:D103:F16E:E06C:921F:2C63:AFD","1"
false,"Abdelfatah tifidat","1"
false,"Puskás Zoli","1"
false,"89.245.162.110","1"
false,"Mattia100","1"
false,"190.52.60.57","1"
false,"2003:D1:B3DB:E222:AC10:4D7:EC5A:FD4B","1"
false,"Cognissonance","1"
false,"Lord Stamfordham","1"
false,"Xia X","1"
false,"89.155.163.4","1"
false,"TorSch","1"
false,"Issa Icon K Kabba","1"
false,"薛康","1"
false,"MichielDMN","1"
false,"SSGB","1"
false,"MarkHunt","1"
false,"2804:431:D718:8670:9CBA:6140:A773:C0BC","1"
false,"91.155.3.32","1"
false,"Klaas~jawiki","1"
false,"86.151.178.211","1"
false,"71.174.125.94","1"
false,"Continental fresh","1"
false,"Shamrox","1"
false,"POUDRAS-HUSS","1"
false,"Arthusse","1"
false,"Creuzbourg","1"
false,"Abderitestatos","1"
false,"Bouhours Jean-Michel","1"
false,"Rahul raj saurabh","1"
false,"Max96","1"
false,"Zephalis","1"
false,"JafarAlSaman","1"
false,"DanielAhlonga","1"
false,"201.229.81.185","1"
false,"Khalid sadeq","1"
false,"Alooosh998877","1"
false,"MIDI","1"
false,"Katolophyromai","1"
false,"LudoLeBossu","1"
false,"Vylytyn","1"
false,"НСНУ","1"
false,"Floflo","1"
false,"157.157.28.3","1"
false,"Aspro","1"
false,"ArtikelMaster","1"
false,"Newdarwin","1"
false,"2600:1702:5D0:67E0:61BF:6B2E:6BB9:43F3","1"
false,"NB80","1"
false,"Sb2001","1"
false,"100.35.179.151","1"
false,"112.133.214.18","1"
false,"Titoudu75","1"
false,"73.156.137.250","1"
false,"61.69.217.3","1"
false,"90.69.73.144","1"
false,"Daniel Carrero","1"
false,"Aliakbari2013","1"
false,"Jérôme POUZET","1"
false,"Flami72","1"
false,"KrakatoaKatie","1"
false,"CS81","1"
false,"Averymcinroy","1"
false,"TonyPS214","1"
false,"Call me when you get the chance","1"
false,"Coffee","1"
false,"Cs-wolves","1"
false,"AK595","1"
false,"85.211.160.166","1"
false,"90.4.54.167","1"
false,"SmokeyJoe","1"
false,"Sistere","1"
false,"Davemck","1"
false,"Therealsleepycat","1"
false,"Boston9","1"
false,"Berean Hunter","1"
false,"BlankeVla","1"
false,"GreenMeansGo","1"
false,"77.139.107.150","1"
false,"85.118.74.16","1"
false,"2003:CB:EBF1:E801:68A4:AFAC:2A5B:4E2E","1"
false,"76.68.13.218","1"
false,"Bandee0615","1"
false,"Tfjt","1"
false,"Wesleysnayt","1"
false,"2001:16B8:11AF:8000:B42D:72C7:5D9C:233B","1"
false,"Ismoon","1"
false,"109.40.3.40","1"
false,"187.210.247.12","1"
false,"Blackberry74","1"
false,"Packa","1"
false,"Agent010","1"
false,"90.173.57.54","1"
false,"Wikiwal","1"
false,"31.221.101.173","1"
false,"Galkvlad","1"
false,"Всевидяче Око","1"
false,"Хоббит","1"
false,"Tárik Savietto Feres","1"
false,"Michael Sander","1"
false,"Eddie891","1"
false,"AustinEmho","1"
false,"70.76.228.157","1"
false,"Hasselklausi","1"
false,"Pandukht","1"
false,"Pepsilamb","1"
false,"45.246.32.82","1"
false,"Marie-Noelle Aury","1"
false,"砧太郎","1"
false,"SparkPlugM","1"
false,"AssassinsCreed","1"
false,"Bahusz","1"
false,"Serhijc2","1"
false,"B Lemeux","1"
false,"Social scientific thinker","1"
false,"Mariaoterocurras","1"
false,"Riviera86","1"
false,"Holstn100","1"
false,"213.193.102.103","1"
false,"Jake Brockman","1"
false,"Artem.No","1"
false,"Злобин П.С.","1"
false,"2.35.77.120","1"
false,"Mrs. Hastings","1"
false,"94.25.228.138","1"
false,"مهرنگار","1"
false,"Ajraddatz","1"
false,"2604:6000:E840:F100:884B:62FE:F7A2:4344","1"
false,"Furiosguayzer","1"
false,"AGEN143","1"
false,"51.179.106.131","1"
false,"חזרתי","1"
false,"Yoavt","1"
false,"Metaldragon13","1"
false,"Wikijunkie","1"
false,".ResonantWin.","1"
false,"200.54.34.93","1"
false,"XX-59-40","1"
false,"ツーリン","1"
false,"90.92.104.47","1"
false,"Saschaporsche","1"
false,"Cbl62","1"
false,"SaraP98","1"
false,"93.74.191.80","1"
false,"Queenkhadijah999","1"
false,"Семён Русских","1"
false,"Tothh417","1"
false,"Slav70","1"
false,"Mraslat","1"
false,"2001:16A2:529D:B700:4838:DD3D:D2B5:916C","1"
false,"Espopovich","1"
false,"Marcelo","1"
false,"Xringspecial","1"
false,"Massy","1"
false,"Chewbacca2205","1"
false,"94.254.151.93","1"
false,"Zundark","1"
false,"87.110.90.56","1"
false,"59.190.79.117","1"
false,"8.19.241.10","1"
false,"2601:181:C401:6AD8:B5CC:7E93:7399:4216","1"
false,"Howard352","1"
false,"Marshallsumter","1"
false,"Makary","1"
false,"AntoFran","1"
false,"2806:101E:1:1241:A42E:63F7:2C5E:D94B","1"
false,"Elelch","1"
false,"Chambres","1"
false,"Eni.Sukthi.Durres","1"
false,"VateGV","1"
false,"85.152.225.38","1"
false,"Taichi","1"
false,"Pezzola","1"
false,"Turbotypo","1"
false,"BurghardRichter","1"
false,"JohnnyToxxxic","1"
false,"Guest2625","1"
false,"DatBot","1"
false,"Harfarhs","1"
false,"174.119.75.129","1"
false,"Kisarah","1"
false,"LodA","1"
false,"Danlaycock","1"
false,"PatGallacher","1"
false,"Llywrch","1"
false,"Quercus acuta","1"
false,"94.254.169.73","1"
false,"AustralianRupert","1"
false,"Akld guy","1"
false,"Bjs","1"
false,"213.87.145.41","1"
false,"釔澄","1"
false,"PotentPotables","1"
false,"2804:7F7:A693:ECF7:840:44A4:FB0D:1638","1"
false,"Sic19","1"
false,"Keres 40","1"
true,"Research Bot","979"
true,"JarBot","951"
true,"FuzzyBot","844"
true,"Mr.Ibrahembot","426"
true,"Andrebot","365"
true,"SchlurcherBot","363"
true,"KolbertBot","360"
true,"Lsjbot","320"
true,"DatBot","257"
true,"TuanminhBot","239"
true,"InternetArchiveBot","213"
true,"Dcirovicbot","146"
true,"Geograph Update Bot","145"
true,"LmaltierBot","108"
true,"SteinsplitterBot","104"
true,"Bot1058","101"
true,"Cewbot","80"
true,"QBA-bot","69"
true,"AnomieBOT","46"
true,"Paweł Ziemian BOT","46"
true,"Xqbot","36"
true,"InceptionBot","35"
true,"QuickStatementsBot","20"
true,"OrlodrimBot","19"
true,"COIBot","14"
true,"ZéroBot","13"
true,"Krdbot","12"
true,"Wikisource-bot","12"
true,"Rezabot","11"
true,"JoRobot","11"
true,"Filedelinkerbot","10"
true,"Baboona","10"
true,"MauroBot","9"
true,"Fatemibot","8"
true,"RMCD bot","7"
true,"Legobot","7"
true,"Discasto","6"
true,"Cydebot","6"
true,"UTRSBot","6"
true,"EmausBot","6"
true,"CommonsDelinker","6"
true,"UkrFaceAuto","6"
true,"MBHbot","5"
true,"DeltaQuadBot","5"
true,"Loveless","5"
true,"MusikBot","5"
true,"AeroBot","5"
true,"Jembot","4"
true,"AkBot","4"
true,"Cyberbot I","4"
true,"Duysinging2002","4"
true,"Oxfordian Kissuth","4"
true,"NewsBots","4"
true,"Աշբոտ","3"
true,"SineBot","3"
true,"Number 57","3"
true,"PLbot","3"
true,"FlickreviewR 2","3"
true,"Aavitus","3"
true,"AvicBot","3"
true,"GnuBotmarcoo","3"
true,"Amalthea (bot)","2"
true,"Penny Richards","2"
true,"AKBot","2"
true,"Flow talk page manager","2"
true,"Hmains","2"
true,"Salebot","2"
true,"HerculeBot","2"
true,"ArnauBot","2"
true,"UWCTransferBot","1"
true,"EarwigBot","1"
true,"Edoderoobot","1"
true,"Mathbot","1"
true,"DeltaBot","1"
true,"Acebot","1"
true,"Man77","1"
true,"Revert-Statistik","1"
true,"PastilleBot","1"
true,"TshrinivasanBOT","1"
true,"Uncle Milty","1"
true,"Dibot","1"
true,"Charan Gill","1"
true,"MalarzBOT","1"
true,"TaxonBota","1"
true,"Josvebot","1"
true,"PatruBOT","1"
true,"SeulojaBot","1"
true,"RussBot","1"
true,"EstatBot","1"
true,"Ops Monitor (WMF)","1"
true,"Reinheitsgebot","1"
true,"FNBot","1"
true,"CoBot","1"
true,"ZkBot","1"
true,"NapalmBot","1"
true,"ListeriaBot","1"